date,one,two,three,four,five,six,seven,eight,nine,ten,ele,binary,change_val
20150107,-0.599380089,-0.827182322,0.089806418,-1.551087317,-0.508122603,-0.279316491,-0.578798888,0.32632279,0.004753741,-0.843781565,-0.802352118,1,0.5
20150113,-1.176694945,-0.451520206,0.054829577,-1.145616804,0.143170945,-0.858966217,-0.212872213,-1.764239192,-0.415772289,-1.222970439,0.366618056,0,-1.3
20150116,-2.443130772,-2.038663011,-1.506290209,-0.638049917,-0.305297665,-0.823847905,-2.396157934,-3.152386798,0.295420913,-0.360881709,-0.265944521,0,-1.4
20150119,1.27029658,1.16635679,0.340915148,0.849660078,0.059491225,1.724739178,-0.018772614,5.396246582,1.818431553,-0.670348199,-0.299923629,1,1.1
20150122,0.472809243,-0.050227102,-0.275660036,0.556675296,0.197791806,0.733734073,-0.502024409,3.233508494,0.8110893,-0.564445107,-1.224185896,1,0.7
20150128,3.28696634,-0.887081626,0.769195428,1.870120138,1.060001535,0.707819868,0.183781827,4.25240504,0.92343715,2.007601873,0.961291724,1,4.9
20150203,-0.302681521,0.366142076,-0.510683732,1.140867501,0.872243324,0.803370213,0.694566322,1.01027151,-0.354290356,1.109315775,-0.213609699,0,-2.8
20150206,-0.93344353,0.368803284,-1.34153301,0.987997958,0.711816073,0.866193922,0.173432606,4.593225392,0.884268253,-0.72687815,0.95500561,0,-0.5
20150209,0.103231035,-1.04690077,-1.372666585,-0.754241145,-0.294978581,-0.313946547,-0.035871021,0.562778727,-0.856723744,-1.170536678,0.780794407,1,5.3
20150212,-1.633398933,-0.31804401,-0.172771964,-0.23146732,0.24212153,-0.931389076,0.658535925,0.188129015,-0.399561228,-0.097327651,0.052684445,1,7
20150224,0.475591132,0.018977607,0.854753306,0.101283036,0.772949966,1.552083515,1.490498558,-1.081065668,0.149573482,-0.395513547,0.450187365,1,2.1
20150227,-0.514086148,0.113021544,-0.613323327,0.213509999,0.369350787,-0.101540085,-0.268023493,-0.217989733,-0.953612999,0.888835514,-0.177326981,1,4.7
20150302,3.022620643,-1.247972356,-0.861618133,-2.16616172,-1.160292512,1.293123854,0.480140588,5.001925895,0.449222545,-0.603022722,-0.474980342,1,1.6
20150305,0.565364187,-0.429495872,0.468573423,0.788059669,0.466636875,0.576991077,1.145917784,-0.496813125,-0.073357921,0.229198519,0.490739746,0,-0.6
20150311,-3.132749653,-2.951040704,-0.780635758,-0.572326152,-1.065105937,-0.79560142,0.646383097,-1.15782045,-0.713261709,-0.860134583,0.205113696,1,2.2
20150317,3.129201611,3.845062947,0.700641858,1.587765517,0.937821291,1.232503976,2.079530801,3.02089322,1.047204269,0.587265252,0.884723537,0,-4.3
20150320,-1.147790469,-0.028102351,-0.921064512,1.210303945,0.38987724,0.714551201,0.08344945,3.413632189,-0.22032096,0.498837741,3.957436735,1,6.3
20150323,1.408912108,0.930554445,-0.330929752,0.430353433,-0.152054363,0.387392415,-0.055199234,-0.537407279,1.608010967,0.378964903,-2.756018275,0,-10.5
20150326,-1.4037711,0.549946148,-0.337139966,0.071217543,-0.182192359,-0.009053742,-1.373554397,0.392420812,-0.029587158,-0.247008778,-2.735749821,1,3
20150401,-1.540177748,-0.747869458,-0.45689701,-0.436439643,0.681320349,0.292955309,-2.057802647,-2.561359611,-0.026301308,-0.335260562,0.506503297,0,-5
20150407,0.135787922,0.033706817,-0.004176654,-0.042430906,-0.256465071,0.194138319,-0.092220915,1.967732429,1.632200486,-0.411229072,1.269692474,1,6.6
20150410,1.325478541,3.24940291,1.615166239,0.840373749,1.969154492,0.529309956,0.096379411,-0.567184931,0.886276894,0.505752702,0.140264476,1,2.8
20150413,4.031702788,1.278039161,0.018114839,0.56306098,-0.316340592,2.545490063,0.469366562,3.834245676,-0.100881975,-1.361928041,1.543708964,1,8.7
20150416,0.209205178,0.683158263,0.79004041,0.123234797,1.796294616,-1.073717391,0.808081975,0.586747274,1.058034493,0.970633858,2.273722868,0,-7.9
20150422,-0.054143681,0.776551937,-0.192179534,-0.929622251,-0.718206487,0.456893091,1.127672288,-0.930696859,0.240053236,0.383726502,-0.26110183,0,-3.8
20150428,-0.915625188,0.307255894,-0.345666218,0.131339242,0.424702911,0.301053249,-0.544774647,1.586146335,1.98584562,-0.357978074,-1.706883286,0,-2.1
20150506,-1.456557655,-2.847098539,-1.866560375,-1.173614267,-0.423265263,-1.067485095,-2.711110672,-0.510165926,-0.446964401,-0.940722254,-2.771236963,1,0.3
20150512,0.11171843,-0.570566841,-0.038006986,-0.029612058,-0.242328202,0.747661135,-1.246470778,-1.762735636,0.876148553,0.254266313,-0.984874074,1,4.6
20150515,-2.70987903,-2.023577509,0.406857483,-1.058651635,0.635027213,-0.694808101,-0.780264057,-1.758072974,-0.817833352,-0.798771203,-0.098168217,0,-4.7
20150518,-1.32139419,0.076650851,-0.279590271,0.948952853,0.706737599,-1.066384114,-0.988126155,-2.480627601,1.231923952,0.901362987,3.759758128,0,-0.1
20150521,-0.665751917,-1.998389203,-0.506310278,-1.654331812,-0.010417572,0.664813377,-0.605802274,-1.276651175,0.121215118,0.325875297,1.729658969,0,-4.4
20150527,-0.702930712,-2.806607454,-1.07905014,-1.187011292,-1.64179616,-1.691876054,-1.722948452,-2.034875855,-1.822506279,-3.057978349,-0.228418766,0,-1.5
20150602,-1.579266181,-0.451657052,-3.68295649,-1.012294229,-2.539611293,-0.470934716,1.298264639,-2.067544334,-1.035574779,-0.960295424,3.723662837,1,0.9
20150605,-0.44824466,-0.970099893,-0.810813343,-0.337795794,-0.571065523,-0.272565862,-1.126238257,-1.413106479,-0.631214352,-0.304116821,1.946356694,1,2.5
20150608,0.606695298,2.508441375,-0.757558965,0.569262727,0.518340484,1.667322213,-0.681738163,-0.031060671,0.426463724,0.40456723,0.274061397,1,9.8
20150611,-0.499192211,-0.088847198,1.53336665,-0.042296353,0.644087353,0.081928729,-0.25419878,-0.830528922,1.81081556,-0.291731816,2.711336545,1,1.6
20150617,2.427757399,-0.304761827,-0.065868231,0.178881156,0.072988929,1.09940465,0.587398239,1.892000089,-1.24002466,0.168188716,2.001979135,0,-0.6
20150623,1.319058553,1.647807548,0.73853456,0.494638365,1.049591234,-0.049994698,0.459170979,3.803865267,0.686918515,0.168576789,0.310072405,1,4.7
20150626,-1.138852706,0.835641244,0.191512621,0.647063478,0.048769575,-1.126928626,-1.323286052,-1.461150861,-0.686216974,-0.124152304,2.552705567,1,8.2
20150629,-3.568394019,-2.508960298,-2.009044047,-2.511678386,-0.722477714,-3.548066935,-1.871520658,-4.926157294,-2.304068561,-0.699538302,-1.028505411,1,3.4
20150701,1.549905011,0.144473046,0.582600852,1.703060231,-0.379340968,2.322376313,0.726878032,4.658098031,1.929432746,1.008093765,4.126427614,1,4.2
20150707,0.425978999,1.423060042,-0.25004488,0.214877647,-1.860211762,-0.614736043,1.362027334,2.380015804,1.247593558,2.314678367,-19.58619897,1,7.5
20150710,1.761828241,-0.012442664,0.059500329,0.426284983,0.807310978,2.174218996,-0.057872569,0.666627575,-1.222065368,-0.33993341,-2.202018352,0,-3.1
20150713,4.424782812,2.195838671,0.713571835,1.654881889,2.071725876,0.988595861,0.970278022,-0.117060852,2.36521382,1.978995722,2.250648542,1,1.7
20150716,1.883747546,0.931310563,-0.71985422,-0.490907027,-1.029887087,-0.360970571,0.384134903,-1.052606202,-0.75638441,1.437302523,-3.144748125,1,3.2
20150722,-1.925666499,-1.523311256,-0.867082507,-0.324720011,-0.894007572,-1.500068862,-1.976278678,-2.766622503,-0.842763582,-0.934351039,-0.909766973,0,-1.6
20150728,-0.404822634,0.568150539,-0.551035281,-1.514622117,-0.801672212,-1.940631572,-0.309809672,-0.479384436,-2.300634402,0.936888917,2.192438636,0,-1.3
20150731,1.450548702,1.826050714,-0.030257557,0.880350466,1.13719565,0.319550994,0.267653908,-0.729608871,-0.097301672,-0.654616032,2.646394062,1,1.8
20150803,-1.125778977,-0.788345331,-0.617833669,0.304888203,0.249576875,-5.507546164,-0.669692183,-2.202528104,-0.443792516,0.302495256,-4.947132939,0,-4.7
20150806,0.058392925,0.664332757,-1.092976428,0.456067908,1.362214502,0.789477506,-0.334473351,-1.557195349,-0.612638003,-1.762870585,1.546342163,0,-2.9
20150812,-0.571285728,-0.948651873,0.436509587,-0.523166338,-3.007714561,-1.123631604,-0.761423067,0.740438137,-0.89447557,0.245813022,-3.846366346,1,6.1
20150818,-1.781422067,0.573951376,0.88480732,-2.140881309,-2.731621147,-2.496701104,-0.89984415,-0.574660936,0.37972662,-1.236422237,-2.500648321,0,-1
20150821,-1.06316422,-1.719407979,-2.351182326,-1.858124572,-2.115199257,-1.745190786,-4.087387526,-3.830342762,-2.345027057,-1.526841689,-4.518536446,1,4
20150824,-1.124048017,-3.111858049,-2.418743369,-3.335039464,-2.250433572,-1.443520828,-2.941741888,1.24550379,-1.388054156,-1.517363,-1.532281373,1,7.8
20150827,0.40919907,-0.014342513,1.137002669,-0.137582287,1.760617885,0.094557573,0.441753224,-1.277194498,-0.823207987,-0.143049576,-1.306310164,0,-7.1
20150902,-0.106717775,-0.037130566,0.463234882,-0.458654989,-0.213549582,-1.167432581,0.109783799,0.607206933,-1.41587056,0.709075619,-0.197187546,1,8
20150908,-0.277794702,-0.847519132,-0.134051131,0.330210707,-2.528090606,-1.892887527,1.11620981,2.812517704,-0.855563135,0.454745651,-5.238702156,0,-6.8
20150911,-0.007258195,-1.189906322,-1.395318516,-0.619945978,-0.381411838,-0.285512476,-1.233066336,-0.098465182,-0.611259466,0.141428496,0.953773712,0,-0.5
20150914,-1.994765383,-0.223133905,-1.354952779,-1.580847586,-1.397938547,0.080366665,-1.576273612,-1.251522342,-1.488422659,-2.986057899,-2.27447017,0,-3.5
20150917,-0.293903205,0.707820529,-0.388418112,-0.865327046,-0.460139129,-0.141513248,0.807402293,-0.613532183,1.020541523,0.366223081,0.86908001,0,-7
20150923,-3.636675095,-2.084471452,-2.631833125,-2.452863175,-2.277024214,-1.608026957,0.145076072,-3.969113206,-2.417755902,-1.161805782,-1.974007477,1,7
20151001,1.8800385,0.835953333,1.540530017,0.943262608,0.825895252,0.977633227,-0.292635816,0.609871492,1.458068903,1.162883726,0.665950361,0,-4.5
20151007,0.199392629,0.140698962,-1.072908292,-0.756574223,-2.681548363,-0.343364236,1.151208209,1.554957052,-0.06630898,-0.698204598,-5.312899679,0,-10
20151013,-0.033478963,-0.359867132,-0.065453635,-0.483681152,0.158071282,-0.577070045,-0.685761083,0.716741402,-0.79208745,0.36432322,-2.257357628,1,5.5
20151016,-0.330583835,-0.055841426,-1.324989757,-2.008944401,0.892404536,-0.728624623,0.059316082,-1.644101007,-0.615765922,0.198734106,2.222137983,1,6
20151019,0.005026846,0.54992216,0.263232904,-0.013971014,-0.34649544,0.735264469,0.803126243,1.451388941,-0.872656736,-0.034753896,-0.227889751,0,-9.5
20151022,-4.757276999,-0.989208736,-1.398391824,-1.58072202,-2.186457026,-1.51682804,-1.774059082,-2.595039313,-1.927806136,-1.915476253,-1.957815809,1,1
20151028,-2.069450103,0.181366209,-0.003229026,-0.635947017,1.152526705,0.285530434,-0.840763148,-2.914516933,-0.363207916,0.060354302,0.860637606,0,-2
20151103,1.002734569,0.989740523,1.656076117,1.669222859,1.117011037,0.573997022,1.123091961,4.404982816,1.160870148,-0.043122619,0.7447942,0,-7
20151106,-2.50317371,-1.224164497,-1.051785174,-1.432959475,-0.898448474,-1.421075676,-2.040881832,-2.078261052,-1.506686354,-0.949149589,6.653534601,1,3.5
20151109,-3.265157819,-0.233275477,-1.233430578,-1.76776266,-2.239294038,-2.849608856,-2.670853804,-2.756522056,-2.450735109,-0.714849434,-1.379462807,1,17
20151112,-0.365056605,0.369176021,0.264552321,0.141788717,-0.102311858,0.525613266,0.599589588,0.592601241,-0.183312709,0.338761819,-0.556473453,1,3.5
20151118,-1.16237889,-2.952707691,0.003644101,-0.900331753,-1.4351737,-0.660693876,0.326330438,-1.167136983,-1.542765621,-0.154611434,-2.359313472,0,-1.5
20151124,0.755606206,1.706143849,0.39627199,0.290449633,0.369054838,1.272273306,1.355747066,-0.853268909,1.390631094,0.176082801,-1.211166477,0,-5.7
20151127,-0.533575045,0.083155269,-0.442230384,-0.292059005,0.509835242,-0.127844553,-0.368533718,0.109159711,-0.033817489,0.965567193,-0.423694214,1,6.5
20151130,-1.517522182,-1.802041625,-1.012918695,-1.326581554,-0.833446195,-1.953673443,-1.029477381,-2.90828673,-0.973511691,-0.164598569,-1.710004407,1,2
20151202,-1.437182471,-1.24183744,-0.005440403,-0.247586782,-0.400659759,-0.230406835,0.179851075,-0.677177553,-0.202354194,-0.907002044,-0.651273766,1,5.5
20151208,-0.966039811,-0.868324249,-0.653073108,-1.463409336,-0.836657299,-1.422496807,0.202143879,-2.398228136,-0.696588832,-0.562766737,-3.150954859,1,9.5
20151211,-0.361791684,-0.740350112,-0.263851348,-0.082209362,-0.468391984,0.168883161,0.120210121,-2.038246054,0.112346679,0.050036875,-3.138773266,1,0.5
20151214,-2.135287802,-0.851806217,-0.338824492,-0.754302788,-1.278556201,-1.070500789,-1.588093607,-3.983219076,-2.2572593,-0.897732593,-4.155583266,1,4
20151217,1.078691763,0.403872948,1.239031451,0.652451665,0.861534475,1.232897348,-0.263833589,-0.564685053,0.343296307,0.499040416,0.999832785,1,3.5
20151223,0.361999649,0.44699522,-0.020611455,0.639427401,-0.071142742,1.040016351,0.232897657,0.791856274,1.595830729,0.552235234,-0.699657351,1,5.5
20151229,2.329170265,-2.063481893,-0.206164492,0.85674062,0.689205266,0.254677734,0.328860832,-1.035383058,-0.453462172,-0.59655485,6.498383766,1,2.5
20160106,-1.258580365,-1.253511259,-0.269526764,-1.008045787,1.953344739,1.167670378,-1.472730617,0.606118508,0.104811121,-0.302908721,6.677074478,1,10.5
20160112,-0.810368288,-0.046613105,0.174291125,-1.506070506,-0.00975289,0.001305838,-1.274377635,-1.740398338,-0.706307753,0.615895332,-1.18065419,1,6
20160115,-1.787738292,-2.317439842,-0.369046581,-1.17752038,-1.012974529,-1.779951892,-0.683324879,-4.349606215,-0.863969524,1.047669415,-0.611782604,1,1
20160118,0.198899783,-0.506499216,-0.360693087,-1.041626517,0.503581434,-0.18260006,-0.706078271,1.751273086,0.163135087,0.325572674,2.099632014,0,-3.5
20160121,0.530388195,-0.382371933,-0.183339189,0.233081577,-0.849712312,0.596449042,0.215438257,2.054336468,-0.848118362,-1.094912692,-0.683728875,0,-3
20160127,3.595815652,1.575263604,1.110654502,1.735726805,0.034757923,0.578975916,3.105250328,1.910048049,1.958246793,-0.02143983,-2.990678031,0,-2
20160202,-0.917526539,-1.588493284,-0.436172794,-0.563916477,-0.272947935,-0.765329762,-0.575024862,-1.48205456,-0.826224788,-1.245550212,-1.0421439,1,6.5
20160205,0.924627936,2.368279775,0.176927543,0.392548556,-1.375987311,0.342127082,0.149886944,1.860409652,1.110900146,-1.06127903,-0.066168005,0,-1
20160211,-3.478125085,-3.884347939,-2.283880358,-2.777955491,-2.494281373,-4.606682476,-3.576511251,-2.768218293,-2.563612753,-3.819306914,-6.476973802,1,5
20160217,0.396369236,0.075122731,-0.095372772,-1.100173984,-3.077080646,0.136840857,0.303122883,-1.288456471,-1.015144104,-2.463418591,-4.437632854,1,12
20160223,-0.847527309,-0.101765569,-0.174466549,-0.881661527,-1.099082246,0.797444556,-0.737344732,0.827888532,1.379319899,-0.085408113,-2.658139614,1,1
20160226,0.302590916,0.171810181,0.250370644,-0.426671621,0.400619312,0.562677434,0.032444267,1.040282013,-0.68369961,-0.011160748,0.691674924,0,-4.5
20160229,-0.352767033,-0.169943635,0.384183037,-0.601423176,-0.502674381,0.86364229,-0.199612494,-1.970481417,0.998316008,1.008997235,-0.74022784,0,
20160304,1.206518546,1.617062174,0.133125507,1.13356734,-1.365331957,-1.25417504,-0.590719495,5.273515488,0.930880353,0.191629639,-0.959100722,0,-8.5
20160307,0.048313227,1.267218344,-0.312664467,1.267993148,-0.03160145,0.799480634,0.06586452,5.910089427,0.842568578,-1.272685136,-2.094475499,0,-2
20160310,0.767760129,0.341524939,0.167711877,1.404217451,0.676472603,1.089123178,0.73071965,1.618675466,1.455382319,1.772554403,0.571324367,0,-14
20160316,-1.183727931,0.988457022,0.142721491,-0.237321717,1.241400106,-0.695951525,-0.209732543,-2.666519685,-0.796802185,0.435166968,1.188717466,1,3.4
20160322,1.088717088,-0.518073127,1.163685075,0.135944588,-0.570401643,-0.199689006,1.152754852,2.556811376,-0.105869502,-0.412955865,-0.644821706,0,-1
20160325,-0.054407604,-0.738308643,-0.090320178,-0.772619285,0.201522067,1.101745455,-0.96743566,-0.958655923,-0.326579152,-1.12992231,1.575901487,1,3
20160328,0.103080845,0.167948397,0.259950481,0.243209821,-1.167778625,-0.518596851,-1.779381479,-0.211860601,0.580339022,-0.843003805,0.561989975,0,-4
20160331,0.570932136,-0.261620685,-1.007436306,1.05262148,-0.342623152,-0.351222309,0.064359805,-0.004635618,-0.368993617,-0.476483755,-0.256154824,0,-6.5
20160406,0.961831001,-0.562502245,0.021520444,0.187196212,0.420941601,0.780002811,-1.00946754,-1.370728851,2.021110051,-0.579584581,-0.469062433,0,
20160412,2.055602432,0.688322645,-0.230552337,0.822726668,-1.155717608,0.79401191,0.377822294,3.765279939,1.421976926,0.492826996,-0.619528461,0,-3.5
20160415,-1.632424642,-0.003077857,0.286915764,-0.191013239,0.749337351,-1.556327843,-0.511584326,-0.837570522,-0.191068864,0.047689225,1.217050011,0,-6.5
20160418,-0.642527633,-1.782364906,0.35386926,0.052085745,1.128069093,-0.589925778,0.352856819,-1.897993635,-1.254876255,-0.719257491,-0.64311649,0,
20160421,0.969841644,1.572595365,-0.018782843,1.134846697,0.965679196,1.673026107,1.299072975,1.568765513,1.339659476,0.130490599,-0.373615717,1,2.5
20160427,-0.268982485,-0.59308319,-0.481775651,0.006262437,-0.456880233,-0.111379574,-0.933669766,3.149333584,0.400945361,-0.13314154,-2.948337741,0,-0.5
20160502,-3.033976545,-1.424872803,-1.366325028,-1.07112232,-0.034084407,-0.615254672,-0.876759151,-2.982732568,-2.151046915,0.153672216,-3.775415937,0,-2
20160511,-0.854930385,0.398825394,-0.15414672,-0.436716736,-0.363065916,1.790681098,-1.005098536,-1.025887563,-0.116971171,0.583981072,-0.481803107,0,-1
20160517,-2.670847572,-0.842979524,-1.426164639,0.211482544,0.934892975,0.358985514,0.045832458,-1.91680587,0.608308231,-1.126808183,-0.158127142,0,-2
20160520,1.13790897,-0.847513143,-0.333154312,0.62716163,0.066211636,0.936766701,1.261488128,1.662593302,-0.553852677,-0.151472777,3.75664216,0,
20160523,-1.553950826,-0.455801022,-0.098249616,-0.029715814,-0.343841249,0.152728629,0.987078265,-0.338761158,0.087387558,0.087174997,1.501209755,0,-7
20160526,-0.348196861,-0.87322331,0.039574413,0.507864262,-1.054132213,0.209632689,-0.750452498,1.28922761,-0.465436445,-0.782210169,0.591474513,0,-0.5
20160601,-0.632178405,-0.157498424,-0.401728335,-0.559539947,0.013834987,-0.904658628,0.922690234,-1.951907816,-0.184609349,-1.979266073,1.210937838,1,1.5
20160607,1.891828208,1.273783059,1.009880767,0.785087279,0.514538207,1.109183436,1.99048971,0.75004882,3.478516142,0.205144135,4.070979678,0,-29.5
20160610,1.115891529,-0.68641299,-0.064334299,0.819301153,-0.598841995,-0.339844432,-0.413882023,0.239343563,-0.677003738,-1.158943476,1.359302175,1,6.5
20160613,-2.05409844,-1.739744035,-1.330153661,-1.376414948,-1.837266658,-1.744765952,-0.58613795,-4.222547525,-1.708353382,-1.337208316,-3.23176043,1,8
20160616,-1.168986887,-1.17291009,-1.21208966,-1.869382962,-0.738385007,-0.688183825,-1.282493702,-1.653151476,-2.047195928,-1.286612493,-3.538061362,1,5
20160622,1.551156983,0.996651976,0.214725378,0.04221443,0.480442233,1.631423242,0.840743495,2.365379924,0.679975477,0.609001439,-1.562936117,0,-1.5
20160628,0.591207997,-0.252516245,-0.165161977,0.334127121,1.248210606,0.250058053,0.74509332,2.703170359,-0.212535829,0.172810157,2.996109609,0,-15
20160706,-1.424697053,-2.057257518,-1.366944686,-1.16475101,-0.890946863,-1.76225891,-2.350771771,-1.88204213,-1.954305251,-0.288590248,-1.166199749,1,7
20160712,0.985558609,1.24880605,0.545894274,-0.052523526,-0.046055887,0.394632725,-0.696878536,1.18391638,0.567893233,0.38536797,-0.533224526,0,-0.8
20160715,-0.412859782,1.631522732,0.184559148,0.346335115,-0.044833017,-0.639463774,0.789287523,4.220091117,-0.424103155,-0.605297485,-1.744452513,0,-1
20160718,0.641815026,-0.455595539,-0.526221496,-0.60261098,0.394592978,0.299968355,0.092691314,4.511244679,0.865723828,0.211848659,0.388261,1,3.3
20160721,0.939955963,0.181526669,0.021738551,0.670132516,-0.729421836,-0.037395597,0.640605252,3.353346778,-0.907530848,-0.358416288,-0.50518612,0,-2.5
20160727,1.139601161,0.146432076,0.233198973,0.751514654,-0.731108926,-0.654268315,0.053533039,5.149127935,-0.080413553,0.302158968,-2.664042764,0,-3.5
20160802,-1.461680235,-1.665771908,-0.44092721,-0.572676128,0.62336358,0.017934983,-1.464930497,2.038404293,-0.482550504,-0.168469066,0.432452671,0,-0.5
20160805,1.18293618,0.689028193,0.426188352,1.297658889,-1.439203048,0.338079712,1.158295889,6.462564547,0.966900752,-0.525835263,-1.299064347,0,-1.5
20160808,0.365402839,1.136960371,0.430093044,0.281575109,1.708900795,-0.446006722,0.831314323,2.543231737,-2.226258525,0.559586127,1.091878701,0,-4.8
20160811,-0.071736125,-0.836166549,0.327318119,0.505953095,0.103568032,-0.068412229,0.878260302,3.714090144,0.308315126,0.112567051,-0.045389569,1,7
20160817,-0.638856601,-0.504663174,-0.06174814,-0.910423348,-1.691527546,-0.215653954,0.044127806,1.666369889,-0.261008169,0.174030144,-1.198597249,1,18.5
20160823,0.061406251,0.208019539,-0.232101493,-0.703343458,0.767957886,-0.461310988,-0.725148175,3.079209202,0.51628379,-0.305181639,1.676127922,0,-5.5
20160826,-0.358914548,-0.794373891,0.883680676,0.152482365,0.831276136,0.18100234,-1.083635433,-0.357880247,-0.445688324,0.116399021,0.787190994,0,-1.7
20160829,-2.140116584,0.486321848,-1.110790519,-1.28529474,-0.754055413,-2.334608243,-1.447769317,1.338650936,-0.861581247,-1.180985987,-1.850897711,1,8.2
20160901,0.742513151,1.943456818,-0.167701166,0.647960407,0.233483045,0.141069539,-1.628776703,2.664290573,-0.163200817,-0.352168022,0.894788418,1,4.5
20160907,-0.775284445,0.304429794,0.031900586,0.350329177,-1.224776522,-0.388604434,-1.291029234,2.610207032,0.920154679,-0.089278391,-1.205876916,0,-16.5
20160913,-1.450336848,-1.981377094,-0.490001928,-0.580987074,0.083066169,-0.318117225,0.274254232,3.045842243,-1.165543869,-0.268046558,-0.100453038,1,8.5
20160919,0.603570116,-0.04038414,0.442508508,0.145995042,0.620126173,-0.062769404,2.070417964,3.280298743,-1.181418069,0.379017699,0.357017827,0,-4.5
20160922,1.162241878,-0.231639214,0.574027257,1.06615518,1.025997024,0.349682563,0.201417343,3.035384474,0.259690004,1.783484201,0.458243952,0,-15
20160928,-0.805034804,-0.364187066,-0.356753999,-0.664401252,-0.072824185,-0.156362766,-0.606423405,0.965924068,-0.025923158,0.576156941,-0.083527287,0,-1.5
20161006,0.94740597,-0.101710146,-1.08756016,-0.746204733,-1.060013496,-0.494155048,-0.443339075,4.648559336,-0.523264753,-0.693034867,-1.384278273,1,3.5
20161012,0.115745462,0.243083354,0.731841421,0.38993547,0.76069182,0.006718188,-0.094067787,3.654204951,0.492083264,-0.020567451,1.109724079,1,4
20161018,1.746737057,1.555711247,0.235432558,0.418223931,0.620487339,1.317252602,0.109153566,2.811692089,2.22638756,0.64555717,0.215307721,0,-11.5
20161021,-0.31491337,0.122751064,-0.369885653,-0.117793783,-0.01481475,-0.273626265,-0.914697944,3.533095194,-0.29780971,-0.651222063,0.84970038,1,12.5
20161024,1.326332741,1.176781683,0.066731967,0.330108552,-0.318912439,-0.171512794,0.383848975,4.297660712,0.772373093,0.732756309,-1.375680688,0,-8
20161027,0.421539831,0.822944278,0.474258592,-0.746552737,0.749003797,0.361450316,0.535293517,2.646657534,0.242320308,0.536217129,1.376388841,1,9
20161102,-1.927846042,-1.268413071,-2.010932563,-1.959384729,-2.09168004,-1.771595363,-2.3543914,1.736455818,-0.199735523,-2.291342903,-5.151000527,1,2
20161108,1.317748373,-0.739968565,0.619408895,0.068558249,0.779811008,0.331403333,-0.524842401,2.590462838,0.424345582,0.202292661,1.067657089,0,-7
20161111,0.503274136,1.554640544,-0.161118508,0.571253138,-1.541580784,-0.214402378,-1.809242393,4.168133274,2.204512132,-2.621122417,-0.364187068,1,8
20161114,0.366864869,-0.098526185,-0.199971519,0.53771897,-0.283077622,1.751886432,-0.079616287,6.759453637,1.299807214,-0.858950345,-0.235425755,1,7
20161117,-0.518430884,-0.208969125,0.146578348,0.741953315,-0.151775162,-0.32425328,0.916280221,2.920088985,-0.384537541,-0.221729517,-1.830063198,1,2
20161123,-0.871594814,1.669510136,-0.531800355,-0.838677384,-0.895345146,-0.479833023,-0.337278496,1.678152214,-0.060510727,0.055151163,-4.333748072,0,
20161129,0.191543507,-0.126428622,0.452014395,-0.379748592,2.835266698,0.973436745,0.75765004,1.164396146,0.449224081,1.431127217,1.14112041,0,-2
20161201,0.60654481,0.242528559,-0.247524985,-0.647742415,-0.395451922,1.218479242,0.50577105,5.422686794,1.298374381,-1.525345933,-2.203150556,0,-2.5
20161207,-0.149284114,0.197049029,-0.409170196,-0.303111889,0.159964112,-0.038628561,-0.094243885,0.514271268,0.625568121,-0.038480381,-4.432109455,0,-8
20161213,0.117805991,-0.417495835,1.506640781,-0.346056511,0.714167235,0.717352546,1.133193696,2.430552197,-0.718493319,0.244586824,4.976336914,0,-2.5
20161216,-0.454843278,0.427304347,-0.928361209,-0.715269405,-0.073666883,-0.666765899,0.43133745,2.143527418,-0.910147503,-0.006266829,-1.262680629,1,2
20161219,-1.300476237,0.016611925,-0.080760742,-0.845502644,-0.366097579,-0.73377048,-0.255767956,1.900885945,-1.269864116,0.095516699,-1.349143357,1,2
20161222,0.075085073,0.08794866,-0.694890863,-0.313192486,-0.174162765,0.026963923,0.321128592,2.345747913,0.028445297,-0.284683633,-0.412873671,1,9
20161228,0.510010094,-2.459825306,-0.934629957,-1.442315251,-1.021182524,-1.058645649,-0.772921176,3.125098764,-1.280141503,-0.828829054,3.098472985,1,5.5
20170102,0.390346674,-0.534044613,0.176814731,0.757327323,-1.882381472,0.541535692,-1.303583147,3.60642398,0.72985375,0.456822276,-1.675594373,1,5
20170105,0.200969849,-0.391983344,0.605055881,0.748271709,1.07838597,-0.041199473,0.794157785,4.565458038,-0.79300684,0.574161369,1.394173192,0,-13
20170111,1.020794983,1.623684396,-0.446492871,1.096662382,0.214611862,1.285776797,1.60250995,4.301976421,5.112526958,0.415568477,-0.235469142,0,-1.5
20170117,-0.756106815,1.582052193,0.084731181,-0.275242917,-0.427109107,0.594101615,0.630712767,9.571495152,0.459350196,-0.099009654,-0.886457326,0,-14
20170120,-0.984636226,-0.209056671,-0.336340308,0.217185302,1.425947464,-0.749386301,0.020897629,8.474093015,-1.090583599,-0.120404695,0.371910166,0,-2
20170123,0.355322745,-1.040400426,-0.860437385,0.099546575,-0.580128048,-0.063587395,0.475470788,7.931705063,-0.380749585,-0.638295078,-2.166729328,0,-7
20170126,1.927595163,1.321725427,-0.28741643,0.281753794,-0.049510946,0.419061396,0.761447766,10.03406944,0.180996526,0.74048104,0.587236503,1,1
20170201,1.77999519,0.470227482,0.969727297,0.78476897,-0.005242771,1.267556581,2.298592838,11.83121179,1.275677755,0.109798156,2.574499896,0,-4
20170207,0.938061219,0.47690674,2.079102109,0.34401176,-0.097321084,-0.633040389,-0.017013566,8.016088344,-0.980838978,0.856267917,1.942307017,1,10
20170210,1.051205776,0.880537511,0.436104133,0.82729777,1.647851675,1.833857335,-1.359692788,10.08515006,0.740286948,-0.053337631,0.110632976,1,6
20170213,0.08301617,0.353296067,1.324559063,0.514095901,0.776004587,1.049845331,-0.919574854,9.863546375,1.448457859,0.235042519,1.3942455,1,0.5
20170216,-0.275630606,-1.599103108,-0.590086627,-0.584899668,-0.737126376,-1.495652179,0.568804461,6.652231037,-1.679812197,-0.721172735,-0.433995114,0,
20170222,0.458862604,0.214804762,0.070863247,-0.140625079,-0.627526022,-0.525994249,-0.214092683,11.72993313,-0.371647786,1.148500177,-0.494375786,0,-2.5
20170228,-0.367339533,0.892876143,-0.924547241,0.469764672,-0.528651001,0.383246179,0.239646802,9.766725759,-0.171221053,-0.801907252,-1.927440211,0,-4.5
20170303,0.159094494,-0.729054103,-2.254103472,-0.721864209,-2.163746689,-1.008030019,-0.330209102,9.016178311,-1.896698308,0.052897639,-1.521696916,1,12.5
20170306,-1.241544534,-0.907568611,-0.948688454,0.134658501,-0.575755954,-0.582155661,0.814999829,9.211449528,-0.814001721,-0.639087662,-0.097202002,0,-2
20170309,-2.379411667,-0.126952554,0.148236876,-0.834999726,0.311920844,-0.812636773,-0.345913845,8.126902344,-0.551191827,-0.326849114,-0.216447183,1,7.5
20170315,-0.024682007,0.258799471,-1.135472946,-1.028608418,-0.28371304,-0.214351197,-0.153962764,9.91042815,-0.521344125,1.01525478,-2.267790814,0,-3.5
20170321,-0.078940333,-0.416883818,0.573349886,0.528342218,-0.384432979,0.50011315,0.955039104,8.507665596,-1.156108069,1.25110753,0.981438351,1,1.5
20170324,-0.222753947,0.639664076,1.13141106,0.925518646,2.074792597,0.133747399,0.270133799,7.36498219,-0.250941301,0.42100325,1.353961051,1,1
20170327,-0.768411637,-1.666153411,0.156301606,-0.743359189,0.712002446,-0.757360642,-0.95329319,7.911229193,-0.685462346,-0.129971406,2.210773636,0,-14
20170330,-1.482130139,-0.133608106,0.106225119,0.02600921,0.004840132,-0.0879826,-0.461438903,7.177310527,0.388882725,-0.538177356,-0.857437734,1,4.4
20170405,0.56674947,0.003441801,-1.036636559,-0.540862287,-0.191548247,0.103776673,-0.15017359,10.49024965,0.370702016,-0.426981461,-0.536901166,1,3
20170411,0.221190066,0.212905471,0.260606948,0.096047583,-0.321242752,0.572484907,0.366387716,9.244869479,-0.247051543,-1.693781093,0.07883283,1,2.5
20170414,-0.588376951,-0.820451969,-0.956040424,-0.575975679,-0.454431323,-0.520028018,-1.12254928,8.002908651,-0.933863563,-0.3938486,-0.323916342,1,10.5
20170417,0.08637356,1.989963415,0.646668098,0.383515939,1.416645972,0.327495953,-0.227150609,9.794064839,-0.07060652,0.596800676,1.20985272,0,-4
20170420,0.527616956,0.356309108,1.66492101,0.418244642,1.741865004,0.646074865,-0.273629991,10.19440417,0.93808218,1.109152014,1.077866334,0,-2.5
20170426,1.099923543,0.971797333,0.594825184,0.671301707,0.086156889,1.19142426,-0.00726884,12.03295011,0.205273783,-0.310403458,-0.214206272,1,1
20170504,0.293437513,0.945532458,0.477778736,1.590778308,1.403122011,0.400579413,1.379674956,9.856385487,-0.628101739,0.384725765,0.987760216,1,5.5
20170510,1.006756407,-0.968773223,0.156124355,-0.074513188,0.592295657,-0.530381575,-0.34493209,11.63839769,0.497801101,-0.498659133,-0.064630367,1,3.2
20170516,0.623713242,1.033621064,-0.309741013,-0.438065944,0.300761539,1.271694166,0.070377318,8.79813259,0.471717223,0.541058549,-2.231853922,0,-6
20170519,1.336676593,0.78205073,0.58878246,0.970777838,0.236946626,0.629372666,-0.104720279,9.334013668,0.345216384,1.550356616,0.003374377,0,-9
20170522,1.714625578,0.114825729,-0.21589257,0.185472482,-0.211840263,2.111148137,1.716085824,8.789759652,2.176163846,0.75216736,-0.655137138,0,-4.5
20170525,3.071464936,1.42599773,0.625544864,0.755542889,0.305621578,1.920859001,-0.866195991,12.86865463,0.727447849,0.22075467,-0.205280243,0,-2.5
20170531,-0.13524688,0.111435807,-0.096739217,1.061081286,0.47070346,0.219564874,-0.405132587,9.403518464,0.791542281,0.553892003,3.313708148,0,-6.5
20170609,-0.343987933,1.588873718,-0.436525717,-0.107140195,0.011353926,0.428610944,1.71778277,10.56935306,1.238739385,1.136061953,0.277342123,1,2
20170612,-0.372455557,-0.180816362,-0.722927893,-0.851313527,-1.675697487,-0.711246424,-3.710907643,10.26436065,0.067429512,-1.764685446,-2.754731613,1,7
20170615,-0.947279365,-1.139440262,-0.767956539,-1.42490147,-0.708693903,-1.388185081,1.401472232,8.982814216,-1.524117453,-0.473464454,-2.156333646,1,5.5
20170621,0.337192514,-2.008338505,-0.425680617,0.514458347,0.296361641,0.066431894,0.645561343,8.023180065,-0.771114418,0.077707643,1.066926017,1,2
20170627,-1.472458466,-0.15182468,0.553744429,-0.584720857,0.261290548,-0.006605306,0.650093372,7.806890622,0.425153427,0.419207219,0.384964984,1,4.5
20170630,0.816807565,-0.542019381,0.064068966,0.483239765,0.398663087,0.610562907,0.384676158,8.861697612,1.10475214,-0.192483125,-0.452394339,1,1.5
20170705,0.117668763,-0.350603467,-0.036950116,-0.360806893,-0.755439402,0.174194904,2.584281639,8.259428955,0.520185699,0.323714271,-0.409058552,1,3.5
20170711,-0.046261744,1.355014423,0.3295384,0.133631107,-0.345883483,0.675831999,0.845724688,6.231112055,1.137347571,0.012493996,0.100285455,1,1
20170714,0.12361151,0.069320489,0.692452726,-2.520751013,0.185989952,1.153765689,-0.939114255,7.923780194,0.485228524,0.832691256,-0.301066818,0,-4.5
20170717,1.373930754,0.341796613,0.3914908,-0.911753616,-0.073413421,0.698004092,2.379470494,10.30359366,0.576148977,0.472278631,1.79787403,0,-5.5
20170720,0.253928275,0.660540747,-0.788153206,0.321684653,-0.565356451,0.622219588,-1.224969816,9.684119413,0.340361827,1.02124884,0.745008886,1,2.5
20170726,0.506870958,0.270709601,0.909167568,0.986367672,0.776160618,-0.093887652,-3.409315168,10.00544386,1.80782727,-1.107916648,1.365961038,1,3
20170801,0.383478652,2.382987209,0.720284349,1.32016441,0.186475005,1.018443123,0.001311504,12.25555743,1.643906493,0.013462675,0.313440744,1,2.5
20170804,0.178424825,-0.003922019,0.878959157,1.456325259,-0.326689608,1.49430459,0.635245065,9.740741722,1.399857989,-1.239563684,-0.585951259,0,-2.5
20170807,-0.059110405,0.307072242,-0.754625758,0.353510639,-0.175963147,-0.546526594,-0.622356978,9.927456464,0.463971009,0.401782921,1.659744574,1,4
20170810,-0.059192195,-1.301615811,0.064366844,0.466336415,0.758443874,-0.161150228,0.387470923,8.369511185,-0.48759976,-1.090653307,0.940361875,1,2.5
20170816,0.072365627,0.66418385,-0.621036878,0.69141812,-0.452786046,-0.614080035,1.354450844,6.786078561,-1.346943135,0.045208188,0.261798898,0,-1.5
20170822,-0.002385959,0.800107175,-0.154370497,-0.296754169,-0.1190429,0.522553901,0.767436445,8.857018765,0.601635744,-0.009952328,0.377571279,0,-5
20170825,1.053976762,1.30093095,0.177199571,0.857852744,-0.646619873,0.071139905,-0.033242312,11.78641597,0.776919206,0.655752987,0.781927867,0,-1
20170828,0.42878072,-0.985770242,0.265526838,0.543070471,1.316958221,0.15201921,-1.496500153,9.856867091,1.130348225,-0.010735315,2.725011699,0,-6
20170831,-0.328506255,-1.054952202,-0.974376074,-0.343749656,-0.382019314,0.419801449,0.621528584,8.620517833,0.024871476,-1.575111963,-0.67346212,1,1.5
20170906,-1.791508152,-1.04683574,-1.851419268,-1.440247642,-0.665862034,0.089048745,0.699160618,6.889464633,-1.209665819,-0.000702361,0.316264309,1,3
20170912,0.154243672,0.308037923,0.588466833,0.164502278,0.06482956,0.288435507,0.031983057,10.00861204,0.963715878,0.098367022,-0.437343562,0,-5
20170915,0.324176868,1.184385291,0.846129707,0.769005805,0.274533597,-0.625653636,-0.073551197,11.11015942,-1.583854325,0.841234989,1.886794776,0,-3.5
20170918,-0.434163977,2.027491865,-0.049094943,-0.676445935,-0.997915199,0.107124788,1.194576314,8.545668913,-0.554227737,-0.084493469,-0.449077491,0,-4
20170921,-1.637573111,-0.447595085,-0.692777341,-2.527734446,-0.304425971,-1.126297306,-1.314892516,8.323036563,-1.464096283,-0.623514147,-0.987232024,1,4.5
20170927,-0.235286985,-1.270016521,0.040709776,0.387195512,0.194820242,-0.174825173,0.885106599,7.826529219,-1.458883313,-0.30641087,-0.295230484,1,5.4
20171011,0.032078208,0.411630212,0.376715226,-0.122592283,-0.595379983,-0.240965981,1.191185278,11.06382834,-0.337745977,-0.183978839,0.992003509,0,
20171017,-0.239027414,-0.631979459,-1.144238975,-0.065173289,0.075086597,0.001105987,1.414626276,8.579058347,-0.535046113,0.090009853,0.669874761,1,3.5
20171020,0.023137982,0.912650916,0.445271717,0.13511857,-0.303272433,0.186680325,2.104329032,8.182262956,0.204082755,0.418186643,-0.098497022,0,-0.5
20171023,-1.620148671,-0.925917681,-0.002908899,-2.439067296,-0.71170784,0.108759664,1.473277288,5.951470548,-1.860530904,-0.765806531,-0.879245456,0,-1.5
20171026,-0.109038817,-1.142257212,1.964627362,0.54416744,1.308153203,-0.712674781,-0.788627436,9.524043698,-2.618586333,-0.217669868,-1.76000306,0,-2
20171101,0.770685734,0.736685022,-0.447673324,-0.14480614,-0.663999102,1.972549844,2.454009716,-0.909034509,-0.168485111,-0.48272703,1.756046004,0,-4.5
20171107,1.104470553,-0.201526661,0.490275286,0.143178222,0.160743785,-0.031972168,0.382740686,2.747247325,0.260279795,-0.357836324,-1.094075142,0,-1
20171110,0.099020746,-0.31578551,-0.349969255,-1.40304045,-0.581270161,0.208243162,0.494699522,-2.260717408,-0.467182339,-0.052225331,-0.209309207,1,0.6
20171113,-2.44652447,0.135896223,0.051432969,-1.26818811,0.443300829,-1.616143376,-2.63161073,-4.117169381,-1.014945401,-0.006230577,1.481415006,1,1.4
20171116,1.434941118,0.840505885,-0.402835607,0.736197817,-0.345091091,1.774180339,0.959124767,-0.092465471,0.064219736,0.533541941,-0.169377353,0,-9
20171122,-0.55195594,1.359688296,-0.574433447,-0.528344787,-1.045520516,0.334895874,1.544705846,1.452986586,-0.550470512,-0.191187477,-4.319723911,0,-1.5
20171128,0.416191277,-0.227910132,0.271463579,0.368741258,0.115946943,0.252314701,-1.235551881,-0.436912469,-0.08755364,-0.767374777,-1.543035482,0,-7.5
20171206,-1.84847284,-0.058733153,-0.715549416,-1.433536129,-1.299509831,-1.116578535,-2.438860596,-9.866032974,-2.752509894,-0.92997269,-2.331665191,1,5.5
20171212,0.085587666,-1.035449633,-0.136262767,0.331541256,-1.802336533,-0.930755338,-0.690830119,0.30364421,-0.1524083,0.118114842,-1.196639164,0,-0.5
20171215,5.834774167,0.574203629,2.026387824,1.61344667,1.623428592,1.137372541,0.12961795,2.087166474,1.189530952,1.024980277,1.560402028,1,1
20171218,-0.647324496,-1.52298606,-0.062652047,-1.056037421,0.335782477,-0.031814438,-0.18866418,-1.178505549,-1.985048654,-1.067991262,-0.771899888,0,-1.5
20171221,-1.064464683,-0.458573786,-1.127113508,-1.094219183,-1.019193616,-1.211613686,-3.193162513,-0.673762172,-0.167546679,-0.18916663,-1.265555141,0,-1.3
20171227,-1.29791788,-2.175466374,-0.436559199,-0.908846276,-0.389910386,-0.302344868,1.734756925,-10.85680492,-0.19091749,-0.051237871,3.153798213,0,
20180104,1.397867321,-0.690298316,-1.694449716,0.497152,-1.398395579,-1.150301208,-0.514720437,2.16634676,-0.476234217,-0.484877293,-2.61191495,0,-2.5
20180110,1.957016502,0.341154467,1.128681368,1.830262175,0.957185461,0.243108672,-2.066462246,3.479204613,0.564948645,-0.776123449,2.752227505,0,
20180116,-1.762758381,-0.823725689,0.575002086,-0.0547937,0.611224465,-0.498173088,2.031372345,-1.013946584,-0.626606039,-0.224880546,-1.234293914,0,-0.7
20180119,2.707551579,1.111589611,1.459540647,0.33281753,0.852167695,1.326123541,-2.623946971,0.841984431,1.604451632,0.589034239,-3.427148166,0,-2
20180122,-0.075708348,-1.253088465,0.480581128,0.230496645,0.781248203,0.881438644,-1.070323952,0.508944078,-1.21310984,0.069423012,0.381782689,1,3
20180125,2.277958998,-0.341374066,-0.102759036,1.229412841,-0.275851704,1.702730055,1.097621424,2.81956103,1.3103221,-0.695262302,0.411832109,0,-5.5
20180131,-0.689741274,0.717308635,0.453941126,-0.955593236,-1.926531466,-0.348756632,0.006341623,-0.135340722,-0.912135608,-0.158400183,-2.626330845,0,-4
20180206,-1.894118306,-2.985350382,-1.450084169,-1.506207856,-1.10377439,-0.812072534,-1.224857491,1.354605642,-0.466448281,-2.075860076,-0.169993867,0,-2.5
20180209,-0.757558491,-2.187917619,-0.914119944,-0.550257089,0.248432012,0.310933217,-1.751324748,-0.166740037,0.222245692,-2.969065194,0.382644555,0,
20180212,-1.581326051,2.283285982,-1.804699822,-0.976437815,-1.045071219,-0.0643398,0.930452229,-2.555301003,-0.624095023,-0.917734665,0.61757031,0,-6
20180221,-0.293831964,0.724534639,1.099806237,0.510663992,1.171831857,0.355327334,0.923914908,0.261296601,-0.40358645,0.794269548,0.053623277,1,2
20180227,-0.505893836,-0.830678038,-0.271753339,-0.910923987,-0.385091745,-0.415251829,-0.024996651,1.783743584,0.086098767,0.641613367,-0.053391449,0,-0.5
20180302,-2.28622812,-1.466014786,-2.092712139,-2.085132386,-1.614103309,-1.171054302,-1.40416032,-1.837675618,-3.078421662,-1.510263564,-0.344980006,1,0.5
20180305,-1.514313541,-1.916801156,-1.475842924,-1.374263895,-0.816273115,-2.529622557,-1.488509232,-1.646943348,-2.476922588,0.372955276,-1.261008517,0,-1.5
20180308,1.802283895,0.659112768,1.019418608,1.040715827,1.04939737,0.568811414,1.641109304,2.579001054,2.024152027,0.697991862,1.296740609,1,2.5
20180314,-1.123236308,-0.712583455,0.216433577,0.25540884,-0.507902457,-0.399509891,0.719473149,-2.311088613,-0.862285568,-1.255989483,0.1798858,0,-0.5
20180320,0.602451397,0.168561782,-0.206104376,-0.168959203,-0.049324594,-0.441000347,0.216980293,1.181087186,-0.221783388,-0.191804426,1.700848578,0,-2.5
20180323,-2.961152368,-3.956127089,-2.658751171,-3.166938585,-2.360122852,-3.093246731,-4.337297201,-2.817759777,-3.552211003,-2.822748439,-4.89711636,0,-1
20180326,0.583200292,0.038058126,0.372784855,0.723563792,0.166700186,1.372669754,1.028693359,1.301420586,2.498561161,-0.045732318,2.204797371,1,0.5
20180329,0.362128087,1.230504995,-1.344661712,0.874782598,0.293626852,0.420704086,-0.230961108,-1.410059337,-0.181028094,0.30112389,2.135355029,0,-3
20180404,-1.81153142,-0.893224951,-0.595303621,-2.752033508,-1.539226088,-2.24017468,-3.533996012,-1.577356377,-1.086823139,-1.657129261,1.750338976,1,8
20180410,-0.015691449,0.487781575,0.471652061,0.798578458,-0.21220383,-0.744135789,-0.177963645,-1.101784839,0.603240765,0.041522648,2.215483731,0,-1.5
20180413,-0.258178385,1.172939593,-0.290592208,0.573079897,-0.109619486,-0.649251853,0.048738789,0.105907904,-1.08608039,-1.378294898,1.265337861,0,-3
20180416,0.239206669,0.054423864,0.380997717,0.094080562,0.028618966,-0.652315092,1.418405006,-1.067310373,-0.598502149,-0.695795177,0.099907881,1,4.5
20180419,4.744244809,-0.345816665,-0.47060534,0.498954701,-0.363261123,0.203548017,0.047685683,0.866446988,1.93134451,-0.998473005,-2.93022523,0,-4
20180425,-2.124394179,-0.531703937,-0.325791184,-0.919927469,-0.483953231,-1.809608309,-1.395243171,-3.264412038,-1.638332871,0.158469507,-0.334569755,1,4.5
20180503,-2.899649213,-0.374452634,-0.610192867,-2.454404442,-1.894868528,-0.671077722,-0.090480857,-2.871076989,-1.093259106,0.204542326,-0.916873268,0,-1
20180509,-1.419057062,-0.385003802,-0.288121862,-0.075858568,-0.228012885,0.862373778,1.585547739,-0.74010733,-0.938008906,0.521992814,3.057778668,0,
20180515,-0.553414343,-1.374032552,-0.212936289,-0.7826529,-0.804214931,-0.865645627,-1.01502665,-0.68628019,-0.885727996,0.448994069,0.199610994,1,7.5
20180518,0.709745647,-0.161750982,0.833833726,0.154429568,0.631707575,1.077016182,0.456800788,2.44918312,0.204523262,-0.266856089,0.803654659,1,1
20180521,-1.906106508,-0.019900514,-0.650868916,-1.199210192,0.135952909,-0.232653168,0.706258253,-0.407071309,-1.578346801,0.078276416,1.056528618,1,3.4
20180524,-1.414779738,-0.123698142,-0.345333912,0.274561583,0.023252036,-0.831176547,-0.604697885,-1.136986483,-0.548280878,-0.331765152,0.798141717,0,-3.5
20180530,-1.333795332,-3.20419317,-1.151129268,-1.607027233,-1.059497145,-1.983165682,-1.043724013,-1.360265807,-2.034908808,-1.945655702,-1.359094609,0,
20180605,1.098155978,0.646104484,-0.075722538,-0.265696906,0.468939665,-0.057509424,0.426666101,-0.040987704,0.693814674,0.502213335,-1.567034279,1,1
20180608,-0.973629099,-0.836573686,-0.342459981,-0.767185396,-0.728799332,-0.066574934,0.113361182,-1.945446921,-2.100204799,1.476827367,-1.130964329,1,7.5
20180611,3.265517278,0.868409574,0.908604959,1.441568251,0.587325324,1.648502069,0.385723098,2.544275681,1.699191031,1.761984864,0.430794098,0,-1.5
20180614,-4.547040922,-2.215365639,-1.172319101,-2.217012,-0.644456996,-1.876518063,-0.131928361,-5.184659104,-2.260576639,-1.186295614,0.024081597,1,4.5
20180620,1.733194082,-0.040683431,0.216829233,-0.793751268,0.339639692,0.436657665,2.898049871,1.853591279,-0.535111157,-0.035474282,1.39536972,0,-9.5
20180626,-1.907629414,-0.523823469,-0.528369151,-0.41649383,-0.30747128,0.141619688,-0.287950163,-0.669947712,-1.302171632,-1.86229554,0.398802689,1,2.8
20180629,1.482528917,0.355005363,-0.046971484,0.119080228,-0.215531589,-0.216386808,1.00171266,0.407865519,1.094207499,1.082871988,-0.858672475,0,-9.5
20180704,0.506234505,-0.286787619,-1.223996008,1.000088235,-0.561899684,-0.254938777,-1.159312659,-0.741908021,-1.282622337,0.739613016,2.27954,1,2
20180710,0.089804934,-0.684866973,-0.11227444,0.50840587,-0.661009253,0.404976764,0.100731416,-0.013502147,2.162546522,1.01493292,0.326556866,1,4.5
20180713,0.959160409,1.636854263,0.806857104,0.691428522,0.19693246,-0.918595881,1.779666739,0.568584673,0.16796426,0.631683444,1.158301433,1,7
20180716,-1.061320752,-1.362763061,0.485538831,0.141976373,-1.691434241,-0.462662818,-0.357362383,0.937358998,-0.610827849,-0.808110942,-0.256349861,0,-4
20180719,-0.594836987,-1.60045431,-1.34565403,-1.739822881,-1.944263659,-0.312596524,1.544077836,1.787840824,-1.638819993,-1.466513008,-1.333984756,1,4.8
20180725,0.817711782,0.297208387,0.36274037,0.58274032,-0.325085027,-0.092704896,-0.674728114,0.104852325,0.555084764,0.210714143,-2.5456983,0,-7.5
20180731,0.480777063,-0.02862586,0.383568369,0.481890386,0.551228005,0.069239315,-0.513830129,-0.478928495,0.941880192,-0.09062465,2.310177652,1,0.5
20180803,1.511068667,0.25566514,0.758871071,1.780099458,0.685109034,1.778490104,0.743200136,2.808658286,0.813940474,0.775711265,1.036240746,0,-2.5
20180806,-0.294169418,1.539966198,0.597112762,-0.297714464,0.499983743,-0.857992782,-2.077056644,-0.106450823,2.109127611,0.610067575,0.976994165,0,-1
20180809,-0.01221623,-0.822948947,0.652455928,-0.224569266,0.153890417,0.61760895,-0.235140515,-0.490149957,-0.46265654,1.216782274,0.888100145,0,-2.5
20180821,-0.107444709,1.11645852,-0.262836216,-0.092700839,0.071972503,0.061644473,3.066606782,-0.140611215,-0.534194255,-0.007642947,1.40686349,0,-3.5
20180824,0.915697032,0.221776266,0.489055288,0.257755132,0.081757046,0.839798991,0.34293509,-0.794962631,0.16740935,0.282632857,2.194979006,0,-5
20180827,-2.097041287,0.696997001,-0.424251072,-1.007348451,-0.263772081,0.426094223,1.873372931,-2.720152159,1.107662803,0.37843805,1.44875588,0,-3.5
20180830,-0.438481422,-0.667437528,-0.731972201,-0.820834204,-0.663801486,-0.927624971,-0.391788456,-0.721609073,-0.297760327,-0.432727025,-0.107339624,0,-3.5
20180905,-0.39925552,-1.239591917,0.095337933,0.291920719,-0.218458046,-0.880713481,-0.916864824,0.721654534,-0.800507046,-0.983845081,-0.582015757,1,6
20180911,0.29412494,0.056895557,-0.104893213,-0.062613586,0.402080756,-0.348209849,-0.459181574,-0.099598571,-2.204860918,0.387551257,1.108822218,0,-0.5
20180914,0.718090658,0.750060451,0.879321979,0.549441038,0.582708575,0.655514968,2.191381044,0.143400364,0.64425059,0.881535837,0.269667982,0,-3
20180917,-0.98835863,-0.961841753,-0.707189083,-1.019637769,-1.198856726,-1.722155688,-1.053832841,0.54361529,-1.227142256,0.704009978,-0.858404663,1,7
20180920,-0.56887016,1.139222196,-0.369262085,-0.060249979,-0.707269303,-1.003464204,-0.705197163,0.685901127,-0.569476558,0.437640894,0.430119336,0,-3
20181001,0.278394191,0.354014586,-1.192308871,-0.887026026,0.164444581,-1.018985273,-0.281333449,0.86466018,-0.239354318,-0.138644561,-3.305078774,1,0.5
20181004,-0.566267542,-0.196189083,-2.415789703,-1.005636498,-2.73372842,-1.882303889,-0.622675709,0.265770802,-2.459213077,0.457330922,0.68354334,1,9.5
20181010,-4.390413148,-1.612167897,-1.391564786,-2.365056088,-1.431538403,-1.552908968,-2.29402754,-4.847508356,-1.615440155,-0.270841179,-2.36159837,0,-1.2
20181016,-0.246346271,-0.48898232,-0.603365425,0.438915989,0.022574644,-0.283852134,0.684438889,0.165413236,0.534285919,-0.093385105,0.596807852,0,-8.5
20181019,0.229152172,-0.091688588,-0.087842578,0.301714138,0.3865853,-0.370927576,0.47713758,-0.653569552,-0.990931885,0.580554073,1.715271637,0,-3
20181022,-1.205460057,1.890400694,0.878885432,-0.333405359,1.029879352,0.698052921,-0.296853781,-1.183742684,-1.524604253,1.407546862,-0.832763697,0,-0.5
20181025,-0.934122072,-1.156786742,-2.294182523,-0.730064077,-1.143672913,-0.398311376,-1.10739191,-0.573090647,-0.962108002,-2.51321069,-1.716162231,1,4
20181031,-0.433836725,1.284225572,0.659952613,2.072840966,0.077010982,2.296009485,1.367327324,0.552294437,0.332458643,1.822764027,-2.818682507,1,1
20181106,0.868814953,1.546099242,2.018899457,1.253546578,0.819369155,-0.054708894,-1.607431671,2.800771532,2.199521857,0.397276034,2.647504056,0,-0.5
20181109,-0.838081877,-0.164454509,0.10759753,0.095306133,-0.250783714,-0.402416521,-0.420148008,0.261775337,0.192250925,0.942255426,-1.820217876,1,12
20181112,0.407616599,1.200881252,-0.981887588,-1.599346434,-0.220634248,0.643493305,0.080773282,1.559005835,-0.871542811,0.190541109,-1.999039783,1,8.5
20181115,1.238952317,-0.018276821,2.16262843,-0.723175071,2.718066444,0.407175134,1.305645682,1.66991356,0.981808047,0.854538291,0.897223231,0,-2
20181121,0.4645604,-0.824320648,0.646748555,0.91445069,1.119430736,0.870230252,0.148972087,0.445826536,1.027743925,0.075259114,0.235909594,1,1.5
20181127,0.401041114,0.268888069,0.43425224,-0.276380197,0.136446241,-0.030458269,0.988272,0.098431724,0.41463945,-0.194471466,-0.751490586,1,1
20181130,-0.236246555,-1.396143447,0.104136392,-0.146647584,0.27122244,0.484505484,-1.040275649,-0.478367914,0.553273758,0.141337222,0.129978961,1,1
20181205,-1.213652043,-0.094849399,-0.634690754,-0.611857377,0.149295333,-0.926067003,-1.493411905,-0.63279377,-1.70239977,0.450744848,-0.029928117,1,7
20181211,-0.825676681,-0.504782763,-0.038801698,0.090923826,-0.007021206,-0.233017447,-0.14310873,-0.744103638,0.505730509,-0.15491146,-2.060227695,1,2.5
20181214,0.533435302,0.392103839,-0.456164081,0.605418148,0.187081949,-0.01621861,-3.834091523,1.338900334,1.615686048,-1.09165719,-0.887036356,1,9.5
20181217,0.057052083,-0.451688375,1.016634302,-0.271997807,0.694416588,-0.153608021,1.019165262,-2.037521328,0.830059226,-0.884980603,0.1109268,0,-3
20181220,0.900471376,-0.302915528,0.193450865,-0.497894724,-0.070038682,-0.817448164,-1.829974229,-1.000829512,0.018317233,-1.668259971,-0.970658989,0,-3.5
20181226,-2.33509041,-2.072834069,-1.981128903,-2.530395427,-1.777371108,-1.251012205,-1.858272236,-5.13769878,-1.407225126,-1.659953055,-1.106459641,0,-0.2
